elements,time
128,8.1358e-07
256,1.68662e-06
512,2.6824e-06
1024,4.6816e-06
2048,7.78894e-06
4096,1.58663e-05
8192,2.92679e-05
16384,5.57626e-05
