elements,time
128,1.28248e-06
256,1.95418e-06
512,4.08238e-06
1024,6.31536e-06
2048,1.14491e-05
4096,2.27251e-05
8192,4.33424e-05
16384,8.38557e-05
