elements,time
128,6.44678e-06
256,6.399e-06
512,7.63282e-06
1024,1.03464e-05
2048,1.66191e-05
4096,2.31551e-05
8192,3.72496e-05
16384,7.02605e-05
