elements,time
128,6.16234e-06
256,8.90144e-06
512,1.14502e-05
1024,1.62734e-05
2048,2.86728e-05
4096,5.31281e-05
8192,9.64682e-05
16384,0.00019113
