elements,time
128,6.19252e-06
256,7.56728e-06
512,9.92114e-06
1024,1.67189e-05
2048,2.56198e-05
4096,4.64478e-05
8192,8.91472e-05
16384,0.000173795
