elements,time
128,6.08652e-06
256,7.69394e-06
512,1.05092e-05
1024,1.64065e-05
2048,2.75056e-05
4096,5.22954e-05
8192,9.5979e-05
16384,0.000183041
