elements,time
128,5.97578e-06
256,8.01244e-06
512,1.0333e-05
1024,1.65202e-05
2048,2.64068e-05
4096,4.80674e-05
8192,9.22241e-05
16384,0.000183021
