elements,time
128,6.01662e-06
256,7.36806e-06
512,1.03791e-05
1024,1.54863e-05
2048,2.50963e-05
4096,4.72922e-05
8192,8.87128e-05
16384,0.000177225
